{"nodes":{"node:120000":{"location":{"x":139,"y":-65}},"node:180000":{"location":{"x":332,"y":-129}},"node:2147483645":{"location":{"x":513,"y":-208}},"node:2147483646":{"location":{"x":-73,"y":-208}},"node:240000":{"location":{"x":416,"y":0}},"node:300000":{"location":{"x":332,"y":-129}},"node:3113500153152":{"location":{"x":261,"y":-32}},"node:3113510655696":{"location":{"x":250,"y":-89}},"node:3113510656272":{"location":{"x":434,"y":-77}},"node:360000":{"location":{"x":332,"y":-129}},"node:60000":{"location":{"x":-53,"y":-133}}},"selection":["node:180000"],"view":{"scroll":{"x":-90.3630294799804688,"y":-259.0467529296875},"zoom":1.24999988079071045}}