{"nodes":{"node:120000":{"location":{"x":-458,"y":127}},"node:180000":{"location":{"x":-307,"y":339}},"node:2147483645":{"location":{"x":444,"y":382}},"node:2147483646":{"location":{"x":-34,"y":382}},"node:240000":{"location":{"x":684,"y":335}},"node:300000":{"location":{"x":-698,"y":51}},"node:360000":{"location":{"x":-500,"y":303}},"node:420000":{"location":{"x":-101,"y":443}},"node:480000":{"location":{"x":75,"y":635}},"node:540000":{"location":{"x":475,"y":523}},"node:60000":{"location":{"x":-750,"y":227}},"node:600000":{"location":{"x":75,"y":471}},"node:660000":{"location":{"x":267,"y":507}}},"selection":["node:480000"],"view":{"scroll":{"x":-41.3014678955078125,"y":478.421630859375},"zoom":1.25}}