{"nodes":{"node:12000":{"location":{"x":-445,"y":87}},"node:18000":{"location":{"x":242,"y":175}},"node:2147483645":{"location":{"x":308,"y":-254}},"node:2147483646":{"location":{"x":-806,"y":-254}},"node:24000":{"location":{"x":445,"y":427}},"node:30000":{"location":{"x":685,"y":279}},"node:36000":{"location":{"x":-684,"y":363}},"node:42000":{"location":{"x":-948,"y":299}},"node:48000":{"location":{"x":-3,"y":347}},"node:54000":{"location":{"x":-1172,"y":315}},"node:6000":{"location":{"x":-212,"y":299}}},"selection":null,"view":{"scroll":{"x":-402.582763671875,"y":-126.906967163085938},"zoom":0.5}}