{"nodes":{"node:120000":{"location":{"x":-458,"y":91}},"node:180000":{"location":{"x":-323,"y":255}},"node:2147483645":{"location":{"x":114,"y":-111}},"node:2147483646":{"location":{"x":-770,"y":-111}},"node:240000":{"location":{"x":796,"y":255}},"node:300000":{"location":{"x":-698,"y":51}},"node:360000":{"location":{"x":-532,"y":303}},"node:420000":{"location":{"x":-116,"y":407}},"node:480000":{"location":{"x":155,"y":475}},"node:540000":{"location":{"x":572,"y":491}},"node:60000":{"location":{"x":-750,"y":227}},"node:600000":{"location":{"x":156,"y":315}},"node:660000":{"location":{"x":364,"y":435}}},"selection":["node:540000"],"view":{"scroll":{"x":-384.921722412109375,"y":-55.271575927734375},"zoom":0.5}}