{"nodes":{"node:120000":{"location":{"x":331,"y":-35}},"node:180000":{"location":{"x":684,"y":169}},"node:2147483645":{"location":{"x":574,"y":-135}},"node:2147483646":{"location":{"x":198,"y":-135}},"node:240000":{"location":{"x":524,"y":121}},"node:300000":{"location":{"x":156,"y":121}},"node:360000":{"location":{"x":155,"y":13}},"node:60000":{"location":{"x":-42,"y":-35}}},"selection":null,"view":{"scroll":{"x":198.48223876953125,"y":-134.031829833984375},"zoom":1}}