{"nodes":{"node:120000":{"location":{"x":316,"y":29}},"node:180000":{"location":{"x":475,"y":93}},"node:1873035375552":{"location":{"x":584,"y":166}},"node:1873035379232":{"location":{"x":770,"y":129}},"node:2147483645":{"location":{"x":923,"y":-110}},"node:2147483646":{"location":{"x":125,"y":-110}},"node:240000":{"location":{"x":662,"y":105}},"node:60000":{"location":{"x":123,"y":29}}},"selection":["node:240000"],"view":{"scroll":{"x":125.007064819335938,"y":-109.456298828125},"zoom":1}}