{"nodes":{"node:120000":{"location":{"x":220,"y":-3}},"node:1366192188112":{"location":{"x":345,"y":193}},"node:180000":{"location":{"x":716,"y":121}},"node:2147483645":{"location":{"x":855,"y":-139}},"node:2147483646":{"location":{"x":57,"y":-139}},"node:240000":{"location":{"x":556,"y":57}},"node:300000":{"location":{"x":374,"y":57}},"node:60000":{"location":{"x":38,"y":-3}}},"selection":null,"view":{"scroll":{"x":57.2092628479003906,"y":-138.456298828125},"zoom":1}}